{"_wandb":{"runtime":14},"rmse_test":0.4097119652551107,"_runtime":14,"mae_train":0.15500514533170623,"_step":0,"mae_test":0.22118900849534098,"_timestamp":1.7702106932233117e+09,"n_estimators":400,"rmse_train":0.248411243942278}