{"_wandb":{"runtime":24},"rmse_train":0.15288535772208567,"_step":0,"rmse_test":0.41032202088432546,"n_estimators":400,"_timestamp":1.7702103226126642e+09,"_runtime":24,"mae_train":0.08203181676885225,"mae_test":0.22207624978562762}