{"rmse_test":0.4098950902578036,"n_estimators":200,"_wandb":{"runtime":6},"mae_train":0.15512126473742038,"mae_test":0.22147116202227315,"rmse_train":0.24858392824820041,"_step":0,"_timestamp":1.7702106624647393e+09,"_runtime":6}