{"_step":0,"mae_train":0.15591678985776813,"_timestamp":1.7702106530136952e+09,"rmse_test":0.4111439585221815,"_wandb":{"runtime":3},"_runtime":3,"n_estimators":100,"rmse_train":0.2508518779095346,"mae_test":0.22188913807788974}